ANY_SUBVENCIO,DATA_SUBVENCIO,"CIF_BENEFICIARI","BENEFICIARI","CONVOCATORIA","CENTRE_GESTOR","SITUACIO",IMPORT_SOLICITAT,IMPORT_CONCEDIT,"CODI_ENS","NOM_ENS"
"2026","2026/07/10","G62083357","NOVACT","SUBVENCIÓ CONCURRÈNCIA PROJECTES DE COOPERACIÓ AL DESENVOLUPAMENT 2026","Polítiques de Ciutadania","PAGADA","10454.65","10454.65","818460009","Ajuntament de Rubí"
"2026","2026/07/23","G60554425","CLUB ESPORTIU HORITZO 1994","Subvención 2026.CE Horitzó.Actividades deportivas y deportivo-sociales, temp25-26","Esports","PAGADA","5500.00","5500.00","818460009","Ajuntament de Rubí"
"2026","2026/05/22","G59527903","CD OLIMPIC CAN FATJO","Subvención 2026.CE Olímpic Can Fatjó.Competiciones equipos masculinos, temp.25-26","Esports","PAGADA","14000.00","14000.00","818460009","Ajuntament de Rubí"
"2026","2026/07/10","G59944314","MEDICUS MUNDI CATALUNYA","SUBVENCIÓ CONCURRÈNCIA PROJECTES DE COOPERACIÓ AL DESENVOLUPAMENT 2026","Polítiques de Ciutadania","PAGADA","12350.57","12350.57","818460009","Ajuntament de Rubí"
"2026","2026/07/21","G61323317","AMICS AUTOMOBILS ANTICS DE RUBI","Subvenció nominativa 2026 a Automòbils Antics de Rubí, per les despeses de l'activitat de la Festa de Sant Cristòfol i manteniment patrimonial cotxe bombers i promoció cotxes antics","Cultura","CONCESSIÓ VALIDADA O APROVADA","2000.00","2000.00","818460009","Ajuntament de Rubí"
"2026","2026/06/10","Q5855553C","ESCOLA RAMON LLULL","Curs 2025-2026 .Ajuts a centres educatius públics per a Projectes Pedagògics","Educació","PAGADA","931.08","931.08","818460009","Ajuntament de Rubí"
"2026","2026/07/23","G59183806","UNIO ESPORTIVA DE RUBI","Subvención 2026.Unió Esportiva Rubí.Actividades equipos femeninos,temp.25-26","Esports","CONCESSIÓ VALIDADA O APROVADA","2000.00","2000.00","818460009","Ajuntament de Rubí"
"2026","2026/05/26","G58525643","CLUB PETANCA SANTA ROSA","Subvención 2026.Club Petanca Santa Rosa.Temporada femenina de petanca,año 2026","Esports","RECONOCIDA LA OBLIGACIÓN","500.00","500.00","818460009","Ajuntament de Rubí"
"2026","2026/03/30","G60571668","UNIO ATLETICA RUBI","Subvención 2026.Unió Atlètica Rubí.Actividades competiciones femeninas, año 2026","Esports","PAGADA","3000.00","3000.00","818460009","Ajuntament de Rubí"
"2026","2026/05/26","G58525643","CLUB PETANCA SANTA ROSA","Subvención 2026.Club Petanca Santa Rosa.Temporada masculina de petanca,año 2026","Esports","RECONOCIDA LA OBLIGACIÓN","2000.00","2000.00","818460009","Ajuntament de Rubí"
"2026","2026/07/13","G60319944","ASSOCIACIO ANIMACIO CULTURAL DEL CARRER  SANT JAUME","Subvenció 2026- Associació d'Animació Cultural Carrer Sant Jaume, per les despeses de l¿activitat de la 181 festes Carrer Sant Jaume, que organitza l¿any 2026","Cultura","CONCESSIÓ VALIDADA O APROVADA","2000.00","2000.00","818460009","Ajuntament de Rubí"
"2026","2026/07/23","G59183806","UNIO ESPORTIVA DE RUBI","Subvención 2026.Unió Esportiva Rubí.Actividades escolares y federadas equipos masculinos,temp.25-26","Esports","CONCESSIÓ VALIDADA O APROVADA","40000.00","40000.00","818460009","Ajuntament de Rubí"
"2026","2026/03/30","G60571668","UNIO ATLETICA RUBI","Subvención 2026.Unió Atlètica Rubí.Gestión pista atletismo año 2026","Esports","PAGADA","82000.00","82000.00","818460009","Ajuntament de Rubí"
"2026","2026/04/29","G61004412","HOQUEI CLUB RUBI CENT PATINS","Subvención 2026.HCR Cent Patins.Subvención organización escuela deportiva, tmp 25-26","Esports","PAGADA","1200.00","1200.00","818460009","Ajuntament de Rubí"
"2026","2026/04/29","G61004412","HOQUEI CLUB RUBI CENT PATINS","Subvención 2026.HCR Cent Patins.Actividades competiciones equipos masculinos, tmp 25-26","Esports","PAGADA","14000.00","14000.00","818460009","Ajuntament de Rubí"
"2026","2026/07/10","G46973715","FARMACEUTICOS MUNDI","SUBVENCIÓ CONCURRÈNCIA PROJECTES DE COOPERACIÓ AL DESENVOLUPAMENT 2026","Polítiques de Ciutadania","PAGADA","11700.54","11700.54","818460009","Ajuntament de Rubí"
"2026","2026/06/10","Q5855672A","INSTITUT J V FOIX","Curs 2025-2026 .Ajuts a centres educatius públics per a Projectes Pedagògics","Educació","CONCESSIÓ VALIDADA O APROVADA","1153.31","1153.31","818460009","Ajuntament de Rubí"
"2026","2026/06/10","Q5856371I","ESCOLA SCHOLA","Curs 2025-2026 .Ajuts a centres educatius públics per a Projectes Pedagògics","Educació","PAGADA","1042.19","1042.19","818460009","Ajuntament de Rubí"
"2026","2026/06/10","Q5855635H","ESCOLA PAU CASALS","Curs 2025-2026 .Ajuts a centres educatius públics per a Projectes Pedagògics","Educació","PAGADA","1796.06","1796.06","818460009","Ajuntament de Rubí"
"2026","2026/05/28","G08992786","ASSOCIACIÓ DE PERSONES AMB DIVERSITAT INTELECTUAL DE RUBÍ","Projectes socioeducatius per a persones amb discapacitat","Sanitat i serveis socials","RECONOCIDA LA OBLIGACIÓN","25000.00","25000.00","818460009","Ajuntament de Rubí"
"2026","2026/06/10","S5800028B","INSTITUT LA SERRETA","Curs 2025-2026 .Ajuts a centres educatius públics per a Projectes Pedagògics","Educació","CONCESSIÓ VALIDADA O APROVADA","1153.31","1153.31","818460009","Ajuntament de Rubí"
"2026","2026/04/29","G60554425","CLUB ESPORTIU HORITZO 1994","SUBVENCIÓ DIRECTA NOMINATIVA CLUB ESPORTIU HORITZÓ","Sanitat i serveis socials","PAGADA","5700.00","5700.00","818460009","Ajuntament de Rubí"
"2026","2026/05/28","R0801934A","CARITAS DIOCESANA DE TERRASSA","Projectes per a la cobertura de necessitats bàsiques de persones en situacions socioeconòmiques desfavorides","Sanitat i serveis socials","PAGADA","38000.00","38000.00","818460009","Ajuntament de Rubí"
"2026","2026/05/20","G60423308","C E B  SANT JORDI","Subvención 2026. CEB Sant Jordi. Temporada deportiva equipos masculinos 25-26","Esports","PAGADA","5000.00","5000.00","818460009","Ajuntament de Rubí"
"2026","2026/06/10","Q0801862D","INSTITUT TORRENT DELS ALOUS","Curs 2025-2026 .Ajuts a centres educatius públics per a Projectes Pedagògics","Educació","PAGADA","1108.30","1108.30","818460009","Ajuntament de Rubí"
"2026","2026/05/20","G60423308","C E B  SANT JORDI","Subvención 2026. CEB Sant Jordi. Escuela deportiva temporada 25-26","Esports","PAGADA","2500.00","2500.00","818460009","Ajuntament de Rubí"
"2026","2026/06/10","S0800276H","ESCOLA RIVO RUBEO","Curs 2025-2026 .Ajuts a centres educatius públics per a Projectes Pedagògics","Educació","PAGADA","1462.73","1462.73","818460009","Ajuntament de Rubí"
"2026","2026/05/12","G62424767","SOCIETAT SANT ANTONI ABAD","Subvenció nominativa a Societat Sant Antoni Abat, per la Festa del Tres Tombs 2026","Cultura","PAGADA","25000.00","25000.00","818460009","Ajuntament de Rubí"
"2026","2026/06/10","Q0801826I","ESCOLA DEL BOSC","Curs 2025-2026 .Ajuts a centres educatius públics per a Projectes Pedagògics","Educació","PAGADA","931.08","931.08","818460009","Ajuntament de Rubí"
"2026","2026/06/10","Q5856151E","INSTITUT L'ESTATUT","Curs 2025-2026 .Ajuts a centres educatius públics per a Projectes Pedagògics","Educació","CONCESSIÓ VALIDADA O APROVADA","1441.63","1441.63","818460009","Ajuntament de Rubí"
"2026","2026/05/25","G61139432","CLUB PETANCA UNION LAS TORRES RUBI","Subvención 2026. Club Petanca Unió Les Torres.Equipos masc. temp.2026 y Open masc. temp.2026","Esports","RECONOCIDA LA OBLIGACIÓN","4000.00","4000.00","818460009","Ajuntament de Rubí"
"2026","2026/05/12","G60313459","COLLA DE GEGANTERS DE RUBI","Subvenció nominativa 2026, a Colla de Geganters de Rubí, pel programa de sortides, trobades i difusió de la cultura gegantera i conservació patrimonial.","Cultura","PAGADA","10500.00","10500.00","818460009","Ajuntament de Rubí"
"2026","2026/06/23","G67018010","AULA D EXTENSIÓ UNIVERSITARIA DE RUBI PER A LA GENT GRAN","PROGRAMA XERRADES DIVULGATIVES I ACTIVITATS CULTURALS","Polítiques de Ciutadania","RECONOCIDA LA OBLIGACIÓN","4000.00","4000.00","818460009","Ajuntament de Rubí"
"2026","2026/04/20","G62631932","FRATER-NADAL SERVEI SOCIAL EVANGELIC","Projecte Rebost solidari","Sanitat i serveis socials","PAGADA","40000.00","40000.00","818460009","Ajuntament de Rubí"
"2026","2026/05/20","G60423308","C E B  SANT JORDI","Subvención 2026. CEB Sant Jordi. Temporada deportiva equipos femeninos 25-26","Esports","PAGADA","4000.00","4000.00","818460009","Ajuntament de Rubí"
"2026","2026/07/10","G60944246","ASSOCIACIÓ PER LA PROMOCIÓ DE L'ESPECACLE INFANTIL I  JUVENIL LA XARXA","Subvenció nominativa 2026 - Ass. Promoció Espectacle Infantil i Juvenil a Rubí, per les despeses del Programa d'espectacles infantils en el temps de lleure, que organitza l¿any 2026","Cultura","CONCESSIÓ VALIDADA O APROVADA","4000.00","4000.00","818460009","Ajuntament de Rubí"
"2026","2026/07/31","G66240847","SOCIETAT DE BLUES DE RUBI","Subvenció nominativa 2026 a Societat de Blues de Rubí, per fer front a les despeses de l¿activitat del 13 FESTIVAL DE BLUES DE RUBÍ, que organitza l¿any 2026. Atorgament.","Cultura","CONCESSIÓ VALIDADA O APROVADA","3500.00","3500.00","818460009","Ajuntament de Rubí"
"2026","2026/06/10","S0800619I","INSTITUT ESCOLA TERESA ALTET","Curs 2025-2026 .Ajuts a centres educatius públics per a Projectes Pedagògics","Educació","PAGADA","997.19","997.19","818460009","Ajuntament de Rubí"
"2026","2026/06/10","Q5855633C","ESCOLA MOSSEN CINTO VERDAGUER","Curs 2025-2026 .Ajuts a centres educatius públics per a Projectes Pedagògics","Educació","PAGADA","976.09","976.09","818460009","Ajuntament de Rubí"
"2026","2026/07/10","G60910528","ASSOCIACIO CATALANA D'ENGINYERIA SENSE FRONTERES","SUBVENCIÓ CONCURRÈNCIA PROJECTES DE COOPERACIÓ AL DESENVOLUPAMENT 2026","Polítiques de Ciutadania","PAGADA","12167.00","12167.00","818460009","Ajuntament de Rubí"
"2026","2026/07/10","G64485386","MICROCREDITS SOLIDARIS PER AFRICA","SUBVENCIÓ CONCURRÈNCIA PROJECTES DE COOPERACIÓ AL DESENVOLUPAMENT 2026","Polítiques de Ciutadania","PAGADA","9967.13","9967.13","818460009","Ajuntament de Rubí"
"2026","2026/07/10","G80547565","SOLIDARIDAD EDUCACION Y DESARROLLO","SUBVENCIÓ CONCURRÈNCIA PROJECTES DE COOPERACIÓ AL DESENVOLUPAMENT 2026","Polítiques de Ciutadania","PAGADA","10996.34","10996.34","818460009","Ajuntament de Rubí"
"2026","2026/06/10","Q5855634A","ESCOLA MONTESSORI","Curs 2025-2026 .Ajuts a centres educatius públics per a Projectes Pedagògics","Educació","PAGADA","1330.52","1330.52","818460009","Ajuntament de Rubí"
"2026","2026/05/20","G60423308","C E B  SANT JORDI","Subvención 2026. Gestión instalación deportiva 25-26","Esports","PAGADA","8500.00","8500.00","818460009","Ajuntament de Rubí"
"2026","2026/04/08","G58203183","ESBART DANSAIRE DE RUBI","Campanya de dansa tradicional catalana a les escoles . Curs2025-26","Educació","PAGADA","33544.00","33544.00","818460009","Ajuntament de Rubí"
"2026","2026/07/10","G64154479","ASSOCIACIO CREART","SUBVENCIÓ CONCURRÈNCIA PROJECTES DE COOPERACIÓ AL DESENVOLUPAMENT 2026","Polítiques de Ciutadania","PAGADA","8829.58","8829.58","818460009","Ajuntament de Rubí"
"2026","2026/06/10","S0800117D","ESCOLA CA N'ALZAMORA","Curs 2025-2026 .Ajuts a centres educatius públics per a Projectes Pedagògics","Educació","PAGADA","1684.95","1684.95","818460009","Ajuntament de Rubí"
"2026","2026/03/30","G60571668","UNIO ATLETICA RUBI","Subvención 2026.Unió Atlètica Rubí.Actividades competiciones masculinas, año 2026","Esports","PAGADA","9000.00","9000.00","818460009","Ajuntament de Rubí"
"2026","2026/07/28","G61289658","ASSOCIACIO  SANT GALDERIC","Subvenció nominativa 2026 a Ass. Cultural Sant Galderic, per a les despeses de l¿activitat de la  31a Fira de Sant Galderic que organitza l¿any 2026. Atorgament.","Cultura","CONCESSIÓ VALIDADA O APROVADA","2000.00","2000.00","818460009","Ajuntament de Rubí"
"2026","2026/06/10","Q5855637D","ESCOLA 25 DE SETEMBRE","Curs 2025-2026 .Ajuts a centres educatius públics per a Projectes Pedagògics","Educació","PAGADA","1552.74","1552.74","818460009","Ajuntament de Rubí"
"2026","2026/05/22","G59527903","CD OLIMPIC CAN FATJO","Subvención 2026.CE Olímpic Can Fatjó.Competiciones equipos femeninos, temp.25-26","Esports","PAGADA","4000.00","4000.00","818460009","Ajuntament de Rubí"
"2026","2026/07/10","G59437756","ASOC CATALANA PER LA PAU","SUBVENCIÓ CONCURRÈNCIA PROJECTES DE COOPERACIÓ AL DESENVOLUPAMENT 2026","Polítiques de Ciutadania","PAGADA","10322.00","10322.00","818460009","Ajuntament de Rubí"
"2026","2026/06/10","Q5855638B","ESCOLA TORRE DE LA LLEBRE","Curs 2025-2026 .Ajuts a centres educatius públics per a Projectes Pedagògics","Educació","PAGADA","931.08","931.08","818460009","Ajuntament de Rubí"
"2026","2026/06/10","Q5855469B","INSTITUT DUC DE MONTBLANC","Curs 2025-2026 .Ajuts a centres educatius públics per a Projectes Pedagògics","Educació","PAGADA","1507.74","1507.74","818460009","Ajuntament de Rubí"
"2026","2026/05/21","G63436398","ASSOCIACIO DE MARES I PARES D'ALUMNES DEL CEE CA N'ORIOL","Casal Juliol AMPA","Sanitat i serveis socials","RECONOCIDA LA OBLIGACIÓN","21000.00","21000.00","818460009","Ajuntament de Rubí"
"2026","2026/04/29","G61004412","HOQUEI CLUB RUBI CENT PATINS","Subvención 2026.HCR Cent Patins.Subvención actividades competiciones femeninas, tmp 25-26","Esports","PAGADA","10000.00","10000.00","818460009","Ajuntament de Rubí"
"2026","2026/05/26","G61139432","CLUB PETANCA UNION LAS TORRES RUBI","Subvención 2026.Club Petanca Unió Les Torres.Equipos fem.temp.2026 y Open fem.2026","Esports","RECONOCIDA LA OBLIGACIÓN","1000.00","1000.00","818460009","Ajuntament de Rubí"
"2026","2026/02/18","G65698888","ASSOCIACIO DE VOLUNTARIS DE PROTECCIÓ CIVIL DE RUBI","Subvenció Associació de Voluntaris de Protecció Civil de Rubí 2026","PROTECCIO CIVIL","PAGADA","20000.00","20000.00","818460009","Ajuntament de Rubí"
"2026","2026/07/10","G58061011","IRMANDADE GALEGA DE RUBI","Subvenció nominativa 2026 - Irmandade Galega de Rubí, per despeses del Programa RUBÍ NO CAMIÑO, RUBÍ AL CAMÍ que organitza l¿any 2026.","Cultura","CONCESSIÓ VALIDADA O APROVADA","9500.00","9500.00","818460009","Ajuntament de Rubí"
